file	source_type	ru_text	he_text
iecho-bk_tk.php.html	heading	РАСКРОЙНЫЕ КОМПЛЕКСЫ iECHO	
iecho-bk_tk.php.html	heading	ОБРАБАТЫВАЕМЫЕ МАТЕРИАЛЫ	
iecho-bk_tk.php.html	heading	ИНСТРУМЕНТЫ	
iecho-bk_tk.php.html	heading	ИНСТРУМЕНТАЛЬНЫЕ МОДУЛИ	
iecho-bk_tk.php.html	heading	ОПЦИИ ПОД ВАШИ ЗАДАЧИ	
iecho-bk_tk.php.html	heading	ПРОГРАММНОЕ ОБЕСПЕЧЕНИЕ	
iecho-bk_tk.php.html	heading	Библиотека материалов	
iecho-bk_tk.php.html	heading	Инновационные функции графического редактирования	
iecho-bk_tk.php.html	heading	Управление заданиями	
iecho-bk_tk.php.html	heading	Дополнительные возможности	
iecho-bk_tk.php.html	heading	Облачный сервер	
iecho-bk_tk.php.html	heading	Контрольные функции	
iecho-bk_tk.php.html	heading	РАБОЧИЙ ПРОЦЕСС	
iecho-bk_tk.php.html	heading	"ИНСТАЛЛЯЦИИ КОМПЛЕКСОВ iECHOпроведённые компанией ""Смарт-Т"""	
iecho-bk_tk.php.html	anchor	iECHO BK1	
iecho-bk_tk.php.html	anchor	iECHO BK3	
iecho-bk_tk.php.html	anchor	iECHO BK4	
iecho-bk_tk.php.html	anchor	iECHO TK4S	
iecho-bk_tk.php.html	anchor	iECHO SK2	
iecho-bk_tk.php.html	anchor	Характеристики	
iecho-bk_tk.php.html	anchor	Материалы	
iecho-bk_tk.php.html	anchor	Инструменты	
iecho-bk_tk.php.html	anchor	Опции	
iecho-bk_tk.php.html	anchor	Видео	
iecho-bk_tk.php.html	anchor	Демозал	
iecho-bk_tk.php.html	anchor	Инсталляции	
iecho-bk_tk.php.html	anchor	Контакты	
iecho-bk_tk.php.html	anchor	Компания iECHO	
iecho-bk_tk.php.html	anchor	Универсальныераскройщики	
iecho-bk_tk.php.html	anchor	АНРК дляраскроя настила	
iecho-bk_tk.php.html	anchor	Компактные режущие плоттеры	
iecho-bk_tk.php.html	anchor	Запчастии инструменты	
iecho-bk_tk.php.html	anchor	+7 (495) 663-9111	
iecho-bk_tk.php.html	anchor	info@smart-t.ru	
iecho-bk_tk.php.html	anchor	+7 (812) 331-3993	
iecho-bk_tk.php.html	anchor	+7 (910) 995-6147	
iecho-bk_tk.php.html	anchor	+7 (861) 234-3189	
iecho-bk_tk.php.html	anchor	+7 (928) 065-2415	
iecho-bk_tk.php.html	anchor	+7 (8552) 78-1055	
iecho-bk_tk.php.html	anchor	+7 (927) 045-73-87	
iecho-bk_tk.php.html	anchor	+7 (927) 043-0807	
iecho-bk_tk.php.html	anchor	+7 (473) 221-0030	
iecho-bk_tk.php.html	anchor	+7 (343) 288-5901	
iecho-bk_tk.php.html	anchor	+7 (383) 36-36-201	
iecho-bk_tk.php.html	anchor	+7 (391) 218-00-86	
iecho-bk_tk.php.html	anchor	+375 (740) 740 92 42	
iecho-bk_tk.php.html	anchor	+998 (90) 966-4204	
iecho-bk_tk.php.html	anchor	+7 (727) 339-33-69	
iecho-bk_tk.php.html	anchor	+7 (7172) 65-20-01	
iecho-bk_tk.php.html	anchor	+996 (703) 46-30-84	
iecho-bk_tk.php.html	anchor	Задать вопрос	
iecho-bk_tk.php.html	anchor	Узнать цену	
iecho-bk_tk.php.html	anchor	Покупка в рассрочку	
iecho-bk_tk.php.html	anchor	Получить цену на iECHO BK1	
iecho-bk_tk.php.html	anchor	Получить цену на iECHO BK3	
iecho-bk_tk.php.html	anchor	Получить цену на iECHO BK4	
iecho-bk_tk.php.html	anchor	Получить цену на iECHO TK4S	
iecho-bk_tk.php.html	anchor	Получить цену на iECHO SK2	
iecho-bk_tk.php.html	anchor	истории успеха в вашей сфере показать кейсы	
iecho-bk_tk.php.html	anchor	Подобрать оборудование	
iecho-bk_tk.php.html	anchor	Смотреть видео	
iecho-bk_tk.php.html	anchor	+7 495 663-9111	
iecho-bk_tk.php.html	anchor	+7 (910) 995-61-47	
iecho-bk_tk.php.html	anchor	+998 90 966-42-04	
iecho-bk_tk.php.html	anchor	"""Аврора"" (Пермь, мягкая мебель)"	
iecho-bk_tk.php.html	anchor	"""ВладМива"" (Белгород, медицинские расходные материалы)"	
iecho-bk_tk.php.html	anchor	"""SKDesign"" (Санкт-Петербург, мягкая мебель)"	
iecho-bk_tk.php.html	anchor	"""Mamadoma"" (Ижевск, производство кухонных столов и стульев)"	
iecho-bk_tk.php.html	anchor	"""Фрегат"" (Санкт-Петербург, надувные лодки)"	
iecho-bk_tk.php.html	anchor	"""Топ Продукт"" (Раменское, пищевая и упаковочная продукция)"	
iecho-bk_tk.php.html	anchor	"""Меридиан"" (Нижний Новгород, спецодежда, спецобувь, СИЗ)"	
iecho-bk_tk.php.html	anchor	"""Пластик Он Лайн"" (Красноармейск, канцелярская и сувенирная продукция)"	
iecho-bk_tk.php.html	anchor	"""УпакРесурс"" (Химки, пилотные образцы упаковки, POP-конструкции)"	
iecho-bk_tk.php.html	anchor	"""Мастер Лодок"" (Уфа, надувные лодки)"	
iecho-bk_tk.php.html	anchor	"""Репропарк"" (Ростов-на-Дону, фотоформы)"	
iecho-bk_tk.php.html	anchor	"""Центр спортивных технологий"" (Балабаново, производство спортивного инвентаря)"	
iecho-bk_tk.php.html	anchor	Обсудить проект	
iecho-bk_tk.php.html	anchor	подробнее	
iecho-bk_tk.php.html	anchor	"ООО ""Смарт-Т"""	
iecho-bk_tk.php.html	anchor	www.smart-t.ru	
iecho-bk_tk.php.html	anchor	• О компании	
iecho-bk_tk.php.html	anchor	• Лизинг	
iecho-bk_tk.php.html	anchor	• Оплата и доставка	
iecho-bk_tk.php.html	anchor	Универсальные раскройщики	
iecho-bk_tk.php.html	anchor	АНРК для раскроя настила	
iecho-bk_tk.php.html	anchor	Запчасти и инструменты	
iecho-bk_tk.php.html	anchor	“Смарт-Т” -	
iecho-bk_tk.php.html	anchor	условия обработки персональных данных	
iecho-bk_tk.php.html	form	Имя	
iecho-bk_tk.php.html	form	Телефон	
iecho-bk_tk.php.html	form	E-mail	
iecho-bk_tk.php.html	form	Отправить	
iecho-gls.php.html	heading	КОМПЛЕКСЫ iECHO GLSA / GLSС для автоматизированного раскроя спрессованного настила	
iecho-gls.php.html	heading	iECHO GLSA	
iecho-gls.php.html	heading	ОСОБЕННОСТИ iECHO GLSA	
iecho-gls.php.html	heading	ТЕХНИЧЕСКИЕ ХАРАКТЕРИСТИКИ iECHO GLSA	
iecho-gls.php.html	heading	ПРЕИМУЩЕСТВАтехнологии цифровой резки относительно традиционных способов раскроя	
iecho-gls.php.html	heading	РАСКРОЙНЫЙ КОМПЛЕКС iECHO GLSС усовершенствованная модель для раскроя настила	
iecho-gls.php.html	heading	ТЕХНИЧЕСКИЕ ХАРАКТЕРИСТИКИ iECHO GLSС	
iecho-gls.php.html	heading	РАБОЧИЙ ПРОЦЕСС	
iecho-gls.php.html	heading	"ИНСТАЛЛЯЦИИ iECHO GLSA/GLSC проведённые компанией ""Смарт-Т"""	
iecho-gls.php.html	anchor	Компания iECHO	
iecho-gls.php.html	anchor	Универсальныераскройщики	
iecho-gls.php.html	anchor	АНРК дляраскроя настила	
iecho-gls.php.html	anchor	Компактные режущие плоттеры	
iecho-gls.php.html	anchor	Запчастии инструменты	
iecho-gls.php.html	anchor	+7 (495) 663-9111	
iecho-gls.php.html	anchor	info@smart-t.ru	
iecho-gls.php.html	anchor	+7 (812) 331-3993	
iecho-gls.php.html	anchor	+7 (910) 995-6147	
iecho-gls.php.html	anchor	+7 (861) 234-3189	
iecho-gls.php.html	anchor	+7 (928) 065-2415	
iecho-gls.php.html	anchor	+7 (8552) 78-1055	
iecho-gls.php.html	anchor	+7 (927) 045-73-87	
iecho-gls.php.html	anchor	+7 (927) 043-0807	
iecho-gls.php.html	anchor	+7 (473) 221-0030	
iecho-gls.php.html	anchor	+7 (343) 288-5901	
iecho-gls.php.html	anchor	+7 (383) 36-36-201	
iecho-gls.php.html	anchor	+7 (391) 218-00-86	
iecho-gls.php.html	anchor	+375 (740) 740 92 42	
iecho-gls.php.html	anchor	+998 (90) 966-4204	
iecho-gls.php.html	anchor	+7 (727) 339-33-69	
iecho-gls.php.html	anchor	+7 (7172) 65-20-01	
iecho-gls.php.html	anchor	+996 (703) 46-30-84	
iecho-gls.php.html	anchor	Задать вопрос	
iecho-gls.php.html	anchor	Узнать цену	
iecho-gls.php.html	anchor	Покупка в рассрочку	
iecho-gls.php.html	anchor	Подобрать оборудование	
iecho-gls.php.html	anchor	+7 495 663-9111	
iecho-gls.php.html	anchor	+7 (910) 995-61-47	
iecho-gls.php.html	anchor	+998 90 966-42-04	
iecho-gls.php.html	anchor	Обсудить проект	
iecho-gls.php.html	anchor	"ООО ""Смарт-Т"""	
iecho-gls.php.html	anchor	www.smart-t.ru	
iecho-gls.php.html	anchor	• О компании	
iecho-gls.php.html	anchor	• Лизинг	
iecho-gls.php.html	anchor	• Оплата и доставка	
iecho-gls.php.html	anchor	Универсальные раскройщики	
iecho-gls.php.html	anchor	АНРК для раскроя настила	
iecho-gls.php.html	anchor	Запчасти и инструменты	
iecho-gls.php.html	anchor	“Смарт-Т” -	
iecho-gls.php.html	anchor	условия обработки персональных данных	
iecho-gls.php.html	form	Имя	
iecho-gls.php.html	form	Телефон	
iecho-gls.php.html	form	E-mail	
iecho-gls.php.html	form	Отправить	
iecho-lcks.php.html	heading	РАСКРОЙНЫЙ КОМПЛЕКС ДЛЯ КОЖИiECHO LCKS	
iecho-lcks.php.html	heading	ОБЛАСТИ ПРИМЕНЕНИЯ	
iecho-lcks.php.html	heading	ОСОБЕННОСТИ КОМПЛЕКСА iECHO LCKS	
iecho-lcks.php.html	heading	ТЕХНИЧЕСКИЕ ХАРАКТЕРИСТИКИ	
iecho-lcks.php.html	anchor	Компания iECHO	
iecho-lcks.php.html	anchor	Универсальныераскройщики	
iecho-lcks.php.html	anchor	АНРК дляраскроя настила	
iecho-lcks.php.html	anchor	Компактные режущие плоттеры	
iecho-lcks.php.html	anchor	Запчастии инструменты	
iecho-lcks.php.html	anchor	+7 (495) 663-9111	
iecho-lcks.php.html	anchor	info@smart-t.ru	
iecho-lcks.php.html	anchor	+7 (812) 331-3993	
iecho-lcks.php.html	anchor	+7 (910) 995-6147	
iecho-lcks.php.html	anchor	+7 (861) 234-3189	
iecho-lcks.php.html	anchor	+7 (928) 065-2415	
iecho-lcks.php.html	anchor	+7 (8552) 78-1055	
iecho-lcks.php.html	anchor	+7 (927) 045-73-87	
iecho-lcks.php.html	anchor	+7 (927) 043-0807	
iecho-lcks.php.html	anchor	+7 (473) 221-0030	
iecho-lcks.php.html	anchor	+7 (343) 288-5901	
iecho-lcks.php.html	anchor	+7 (383) 36-36-201	
iecho-lcks.php.html	anchor	+7 (391) 218-00-86	
iecho-lcks.php.html	anchor	+375 (740) 740 92 42	
iecho-lcks.php.html	anchor	+998 (90) 966-4204	
iecho-lcks.php.html	anchor	+7 (727) 339-33-69	
iecho-lcks.php.html	anchor	+7 (7172) 65-20-01	
iecho-lcks.php.html	anchor	+996 (703) 46-30-84	
iecho-lcks.php.html	anchor	Задать вопрос	
iecho-lcks.php.html	anchor	Узнать цену	
iecho-lcks.php.html	anchor	Запрос цены	
iecho-lcks.php.html	anchor	"ООО ""Смарт-Т"""	
iecho-lcks.php.html	anchor	www.smart-t.ru	
iecho-lcks.php.html	anchor	• О компании	
iecho-lcks.php.html	anchor	• Лизинг	
iecho-lcks.php.html	anchor	• Оплата и доставка	
iecho-lcks.php.html	anchor	Универсальные раскройщики	
iecho-lcks.php.html	anchor	АНРК для раскроя настила	
iecho-lcks.php.html	anchor	Запчасти и инструменты	
iecho-lcks.php.html	anchor	“Смарт-Т” -	
iecho-lcks.php.html	anchor	условия обработки персональных данных	
iecho-lcks.php.html	form	Имя	
iecho-lcks.php.html	form	Телефон	
iecho-lcks.php.html	form	E-mail	
iecho-lcks.php.html	form	Отправить	
iecho-pk.php.html	heading	АВТОМАТИЧЕСКИЙ ПЛАНШЕТНЫЙ РЕЖУЩИЙ ПЛОТТЕР iECHO PK / PK4	
iecho-pk.php.html	heading	ОБЛАСТИ ПРИМЕНЕНИЯ iECHO PK	
iecho-pk.php.html	heading	ТЕХНИЧЕСКИЕ ХАРАКТЕРИСТИКИ	
iecho-pk.php.html	heading	ОБРАБАТЫВАЕМЫЕ МАТЕРИАЛЫ	
iecho-pk.php.html	heading	РАБОЧИЙ ПРОЦЕСС	
iecho-pk.php.html	heading	"ИНСТАЛЛЯЦИИ iECHO PK проведенные компанией ""Смарт-Т"""	
iecho-pk.php.html	anchor	Особенности	
iecho-pk.php.html	anchor	Характеристики	
iecho-pk.php.html	anchor	Материалы	
iecho-pk.php.html	anchor	Видео	
iecho-pk.php.html	anchor	Дистрибьютор	
iecho-pk.php.html	anchor	Демозал	
iecho-pk.php.html	anchor	Инсталляции	
iecho-pk.php.html	anchor	Контакты	
iecho-pk.php.html	anchor	Компания iECHO	
iecho-pk.php.html	anchor	Универсальныераскройщики	
iecho-pk.php.html	anchor	АНРК дляраскроя настила	
iecho-pk.php.html	anchor	Компактные режущие плоттеры	
iecho-pk.php.html	anchor	Запчастии инструменты	
iecho-pk.php.html	anchor	+7 (495) 663-9111	
iecho-pk.php.html	anchor	info@smart-t.ru	
iecho-pk.php.html	anchor	+7 (812) 331-3993	
iecho-pk.php.html	anchor	+7 (910) 995-6147	
iecho-pk.php.html	anchor	+7 (861) 234-3189	
iecho-pk.php.html	anchor	+7 (928) 065-2415	
iecho-pk.php.html	anchor	+7 (8552) 78-1055	
iecho-pk.php.html	anchor	+7 (927) 045-73-87	
iecho-pk.php.html	anchor	+7 (927) 043-0807	
iecho-pk.php.html	anchor	+7 (473) 221-0030	
iecho-pk.php.html	anchor	+7 (343) 288-5901	
iecho-pk.php.html	anchor	+7 (383) 36-36-201	
iecho-pk.php.html	anchor	+7 (391) 218-00-86	
iecho-pk.php.html	anchor	+375 (740) 740 92 42	
iecho-pk.php.html	anchor	+998 (90) 966-4204	
iecho-pk.php.html	anchor	+7 (727) 339-33-69	
iecho-pk.php.html	anchor	+7 (7172) 65-20-01	
iecho-pk.php.html	anchor	+996 (703) 46-30-84	
iecho-pk.php.html	anchor	Задать вопрос	
iecho-pk.php.html	anchor	Узнать цену	
iecho-pk.php.html	anchor	Покупка в рассрочку	
iecho-pk.php.html	anchor	Подобрать оборудование	
iecho-pk.php.html	anchor	+7 495 663-9111	
iecho-pk.php.html	anchor	+7 (910) 995-61-47	
iecho-pk.php.html	anchor	+998 90 966-42-04	
iecho-pk.php.html	anchor	здесь	
iecho-pk.php.html	anchor	Обсудить проект	
iecho-pk.php.html	anchor	"ООО ""Смарт-Т"""	
iecho-pk.php.html	anchor	www.smart-t.ru	
iecho-pk.php.html	anchor	• О компании	
iecho-pk.php.html	anchor	• Лизинг	
iecho-pk.php.html	anchor	• Оплата и доставка	
iecho-pk.php.html	anchor	Универсальные раскройщики	
iecho-pk.php.html	anchor	АНРК для раскроя настила	
iecho-pk.php.html	anchor	Запчасти и инструменты	
iecho-pk.php.html	anchor	“Смарт-Т” -	
iecho-pk.php.html	anchor	условия обработки персональных данных	
iecho-pk.php.html	form	Имя	
iecho-pk.php.html	form	Телефон	
iecho-pk.php.html	form	E-mail	
iecho-pk.php.html	form	Отправить	
index.php.html	heading	iECHO раскройные комплексы, АНРК и режущие плоттеры для автоматизации производства	
index.php.html	heading	ОБЛАСТИ ПРИМЕНЕНИЯ iECHO	
index.php.html	anchor	Компания iECHO	
index.php.html	anchor	Универсальныераскройщики	
index.php.html	anchor	АНРК дляраскроя настила	
index.php.html	anchor	Компактные режущие плоттеры	
index.php.html	anchor	Запчастии инструменты	
index.php.html	anchor	+7 (495) 663-9111	
index.php.html	anchor	info@smart-t.ru	
index.php.html	anchor	+7 (812) 331-3993	
index.php.html	anchor	+7 (910) 995-6147	
index.php.html	anchor	+7 (861) 234-3189	
index.php.html	anchor	+7 (928) 065-2415	
index.php.html	anchor	+7 (8552) 78-1055	
index.php.html	anchor	+7 (927) 045-73-87	
index.php.html	anchor	+7 (927) 043-0807	
index.php.html	anchor	+7 (473) 221-0030	
index.php.html	anchor	+7 (343) 288-5901	
index.php.html	anchor	+7 (383) 36-36-201	
index.php.html	anchor	+7 (391) 218-00-86	
index.php.html	anchor	+375 (740) 740 92 42	
index.php.html	anchor	+998 (90) 966-4204	
index.php.html	anchor	+7 (727) 339-33-69	
index.php.html	anchor	+7 (7172) 65-20-01	
index.php.html	anchor	+996 (703) 46-30-84	
index.php.html	anchor	Задать вопрос	
index.php.html	anchor	Подробнее	
index.php.html	anchor	+7 495 663-9111	
index.php.html	anchor	+7 (910) 995-61-47	
index.php.html	anchor	+998 90 966-42-04	
index.php.html	anchor	Подобрать оборудование	
index.php.html	anchor	"ООО ""Смарт-Т"""	
index.php.html	anchor	www.smart-t.ru	
index.php.html	anchor	• О компании	
index.php.html	anchor	• Лизинг	
index.php.html	anchor	• Оплата и доставка	
index.php.html	anchor	Универсальные раскройщики	
index.php.html	anchor	АНРК для раскроя настила	
index.php.html	anchor	Запчасти и инструменты	
index.php.html	anchor	“Смарт-Т” -	
index.php.html	anchor	условия обработки персональных данных	
index.php.html	form	Имя	
index.php.html	form	Телефон	
index.php.html	form	E-mail	
index.php.html	form	Отправить	
installations.php.html	anchor	Компания iECHO	
installations.php.html	anchor	Универсальныераскройщики	
installations.php.html	anchor	АНРК дляраскроя настила	
installations.php.html	anchor	Компактные режущие плоттеры	
installations.php.html	anchor	Запчастии инструменты	
installations.php.html	anchor	+7 (495) 663-9111	
installations.php.html	anchor	info@smart-t.ru	
installations.php.html	anchor	+7 (812) 331-3993	
installations.php.html	anchor	+7 (910) 995-6147	
installations.php.html	anchor	+7 (861) 234-3189	
installations.php.html	anchor	+7 (928) 065-2415	
installations.php.html	anchor	+7 (8552) 78-1055	
installations.php.html	anchor	+7 (927) 045-73-87	
installations.php.html	anchor	+7 (927) 043-0807	
installations.php.html	anchor	+7 (473) 221-0030	
installations.php.html	anchor	+7 (343) 288-5901	
installations.php.html	anchor	+7 (383) 36-36-201	
installations.php.html	anchor	+7 (391) 218-00-86	
installations.php.html	anchor	+375 (740) 740 92 42	
installations.php.html	anchor	+998 (90) 966-4204	
installations.php.html	anchor	+7 (727) 339-33-69	
installations.php.html	anchor	+7 (7172) 65-20-01	
installations.php.html	anchor	+996 (703) 46-30-84	
installations.php.html	anchor	Задать вопрос	
installations.php.html	anchor	"ООО ""Смарт-Т"""	
installations.php.html	anchor	www.smart-t.ru	
installations.php.html	anchor	• О компании	
installations.php.html	anchor	• Лизинг	
installations.php.html	anchor	• Оплата и доставка	
installations.php.html	anchor	Универсальные раскройщики	
installations.php.html	anchor	АНРК для раскроя настила	
installations.php.html	anchor	Запчасти и инструменты	
installations.php.html	anchor	“Смарт-Т” -	
installations.php.html	anchor	условия обработки персональных данных	
installations.php.html	form	Имя	
installations.php.html	form	Телефон	
installations.php.html	form	E-mail	
installations.php.html	form	Отправить	
root.html	heading	iECHO раскройные комплексы, АНРК и режущие плоттеры для автоматизации производства	
root.html	heading	ОБЛАСТИ ПРИМЕНЕНИЯ iECHO	
root.html	anchor	Компания iECHO	
root.html	anchor	Универсальныераскройщики	
root.html	anchor	АНРК дляраскроя настила	
root.html	anchor	Компактные режущие плоттеры	
root.html	anchor	Запчастии инструменты	
root.html	anchor	+7 (495) 663-9111	
root.html	anchor	info@smart-t.ru	
root.html	anchor	+7 (812) 331-3993	
root.html	anchor	+7 (910) 995-6147	
root.html	anchor	+7 (861) 234-3189	
root.html	anchor	+7 (928) 065-2415	
root.html	anchor	+7 (8552) 78-1055	
root.html	anchor	+7 (927) 045-73-87	
root.html	anchor	+7 (927) 043-0807	
root.html	anchor	+7 (473) 221-0030	
root.html	anchor	+7 (343) 288-5901	
root.html	anchor	+7 (383) 36-36-201	
root.html	anchor	+7 (391) 218-00-86	
root.html	anchor	+375 (740) 740 92 42	
root.html	anchor	+998 (90) 966-4204	
root.html	anchor	+7 (727) 339-33-69	
root.html	anchor	+7 (7172) 65-20-01	
root.html	anchor	+996 (703) 46-30-84	
root.html	anchor	Задать вопрос	
root.html	anchor	Подробнее	
root.html	anchor	+7 495 663-9111	
root.html	anchor	+7 (910) 995-61-47	
root.html	anchor	+998 90 966-42-04	
root.html	anchor	Подобрать оборудование	
root.html	anchor	"ООО ""Смарт-Т"""	
root.html	anchor	www.smart-t.ru	
root.html	anchor	• О компании	
root.html	anchor	• Лизинг	
root.html	anchor	• Оплата и доставка	
root.html	anchor	Универсальные раскройщики	
root.html	anchor	АНРК для раскроя настила	
root.html	anchor	Запчасти и инструменты	
root.html	anchor	“Смарт-Т” -	
root.html	anchor	условия обработки персональных данных	
root.html	form	Имя	
root.html	form	Телефон	
root.html	form	E-mail	
root.html	form	Отправить	
